{
    "uid": "6d036543-4d6f-4cb6-a5f8-9d9f53c25b5a",
    "name": "45_NeuralNetwork",
    "preprocessing": [
        {
            "scale": [
                {
                    "scale": [
                        0.20172669696458337,
                        0.23016295243965004,
                        0.22882285698668356,
                        0.06185416758300476,
                        0.10532344705205683,
                        0.26822116678852775
                    ],
                    "mean": [
                        0.5494430375978856,
                        0.5546124013701339,
                        0.5193205431810901,
                        0.5777230841401738,
                        0.642638949207448,
                        0.5646089852490119
                    ],
                    "var": [
                        0.04069366026824085,
                        0.0529749846757366,
                        0.05235989987954824,
                        0.0038259380473864364,
                        0.01109302849892742,
                        0.07194259431339924
                    ],
                    "n_samples_seen": 313546,
                    "n_features_in": 6,
                    "columns": [
                        "feature_8",
                        "feature_9",
                        "feature_12",
                        "feature_13",
                        "feature_15",
                        "feature_17"
                    ],
                    "scale_method": "scale_normal"
                }
            ],
            "scale_y": {
                "scale": [
                    170.9058121098563
                ],
                "mean": [
                    62.04483219099764
                ],
                "var": [
                    29208.796612929502
                ],
                "n_samples_seen": 313546,
                "n_features_in": 1,
                "columns": [
                    "target"
                ],
                "scale_method": "scale_normal"
            },
            "ml_task": "regression",
            "params": {
                "columns_preprocessing": {
                    "feature_8": [
                        "scale_normal"
                    ],
                    "feature_9": [
                        "scale_normal"
                    ],
                    "feature_12": [
                        "scale_normal"
                    ],
                    "feature_13": [
                        "scale_normal"
                    ],
                    "feature_15": [
                        "scale_normal"
                    ],
                    "feature_17": [
                        "scale_normal"
                    ]
                },
                "target_preprocessing": [
                    "na_exclude",
                    "scale_normal"
                ],
                "ml_task": "regression"
            }
        },
        {
            "scale": [
                {
                    "scale": [
                        0.2013698013873693,
                        0.22968392600595236,
                        0.22877809842967453,
                        0.061852569492464,
                        0.10527431251364268,
                        0.26829294538284726
                    ],
                    "mean": [
                        0.5494563741268021,
                        0.5548038692457502,
                        0.5191635718214315,
                        0.5777573521480722,
                        0.642784485060824,
                        0.5649984372308939
                    ],
                    "var": [
                        0.040549796910788555,
                        0.052754705865507796,
                        0.05233941832109785,
                        0.0038257403528200885,
                        0.011082680875220104,
                        0.07198110454220345
                    ],
                    "n_samples_seen": 313546,
                    "n_features_in": 6,
                    "columns": [
                        "feature_8",
                        "feature_9",
                        "feature_12",
                        "feature_13",
                        "feature_15",
                        "feature_17"
                    ],
                    "scale_method": "scale_normal"
                }
            ],
            "scale_y": {
                "scale": [
                    170.4458708489752
                ],
                "mean": [
                    61.802835114694055
                ],
                "var": [
                    29051.79488946553
                ],
                "n_samples_seen": 313546,
                "n_features_in": 1,
                "columns": [
                    "target"
                ],
                "scale_method": "scale_normal"
            },
            "ml_task": "regression",
            "params": {
                "columns_preprocessing": {
                    "feature_8": [
                        "scale_normal"
                    ],
                    "feature_9": [
                        "scale_normal"
                    ],
                    "feature_12": [
                        "scale_normal"
                    ],
                    "feature_13": [
                        "scale_normal"
                    ],
                    "feature_15": [
                        "scale_normal"
                    ],
                    "feature_17": [
                        "scale_normal"
                    ]
                },
                "target_preprocessing": [
                    "na_exclude",
                    "scale_normal"
                ],
                "ml_task": "regression"
            }
        },
        {
            "scale": [
                {
                    "scale": [
                        0.20153769599004998,
                        0.22993750171617333,
                        0.22869245628317358,
                        0.061941639999232,
                        0.1052141940972842,
                        0.2683296080531111
                    ],
                    "mean": [
                        0.549014121102791,
                        0.554335038515969,
                        0.5193333004798595,
                        0.5776851404511645,
                        0.6428846872452366,
                        0.5648457040150696
                    ],
                    "var": [
                        0.040617442904977805,
                        0.05287125469547521,
                        0.052300239560831255,
                        0.0038367667657944584,
                        0.011070026639540993,
                        0.07200077855793623
                    ],
                    "n_samples_seen": 313546,
                    "n_features_in": 6,
                    "columns": [
                        "feature_8",
                        "feature_9",
                        "feature_12",
                        "feature_13",
                        "feature_15",
                        "feature_17"
                    ],
                    "scale_method": "scale_normal"
                }
            ],
            "scale_y": {
                "scale": [
                    170.08548331250677
                ],
                "mean": [
                    61.71423584399065
                ],
                "var": [
                    28929.07163364902
                ],
                "n_samples_seen": 313546,
                "n_features_in": 1,
                "columns": [
                    "target"
                ],
                "scale_method": "scale_normal"
            },
            "ml_task": "regression",
            "params": {
                "columns_preprocessing": {
                    "feature_8": [
                        "scale_normal"
                    ],